<?xml version='1.0' encoding='utf-8'?>
<!DOCTYPE book PUBLIC "-//OASIS//DTD DocBook XML V4.3//EN"
"http://www.oasis-open.org/docbook/xml/4.3/docbookx.dtd">
<book lang="sk">
	<bookinfo>
		<title>Využitie elektromobilov ako úložiska energie</title>
		<subtitle>Bakalárska práca</subtitle>
		<author> 
			<firstname>Andrej</firstname> 
			<surname>Hoferica</surname>
			 <affiliation> 
			 	<orgname>Slovenská technická univerzita v Bratislave</orgname>
			 	<orgdiv role="fakulta">Fakulta informatiky a informačných technológií</orgdiv> 
			</affiliation> 
		</author>
		<othername role="vedouci">Ing. Petra Vrablecová</othername>
		<pubdate>december 2018</pubdate>
		<abstract> 
			<title>Anotácia</title>
			<para>Zadaním bakalárskej práce je analyzovať aspekty V2G siete a jej simulácia, prípadne optimalizácia. Vstupom sú dáta o komunite domácností, ktoré nám hovoria o tom, kedy a ako je spotrebovaná elektrická energia v týchto domácnostiach. Cieľom bakalárskej práce je navrhnúť a implementovať nástroj v jazyku R alebo Python, ktorý by zaručil sebestačnosť domácností za pomoci použitia už nainštalovaných fotovoltaických panelov, ktoré by sme rozšírili o batérie z elektromobilov. Úlohou v simulácii je určiť počet elektromobilov a ich čas na nabíjacej stanici počas dňa, uvažovať rôzne scenáre využívania energie z batérie, rýchlosť nabíjania a vybíjania a na záver určiť možné finančné úspory, ktoré vzniknú na základe rozdielu cien elektrickej energie počas dňa.</para>
		</abstract>
		<abstract lang="en">
			<title>Annotation</title>
			<para>The bachelor's thesis is to analyze aspects of V2G electrical system and its simulation or alternatively optimization. The input is data about the household community that tells us when and how much electricity is consumed in these households. The aim of the bachelor's thesis is to design and implement an R or Python tool that would guarantee the self-sufficiency of households using the already installed photovoltaic panels that we would extend by batteries from electric vehicles. The role of simulation is to determine the number of electric vehicles and their time at the charging station during the day, further to consider different battery usage scenarios, charging and discharging rates and ultimately to determine the possible financial savings generated by the different electricity prices during the day.
			</para>
		</abstract>
		<abstract>
			<title>Čestné vyhlásenie</title>
			<para>Čestne vyhlasujem, že som túto prácu vypracoval samostatne, na základe konzultácií a s použitím uvedenej literatúry.</para>
			<?vskip 70pt?> 
			<para>V Bratislave, 10. decembra 2018</para>
			<?vskip 30pt?>
			<para><?hskip 300pt?>Andrej Hoferica</para>
		</abstract>
	</bookinfo>
	<chapter>
		<title>Úvod</title>
		<para>Postupný rozvoj automobilového priemyslu priniesol okrem iného možnosť pohonu vozidla na elektrickú energiu. Takéto vozidlá získali označenie elektrické vozidlá (z angl. electric vehicles), alebo skrátene elektromobily. Pod týmto pojmom dnes rozumieme vozidlo výlučne poháňané elektrickou energiou, ktorá nemusí byť nepretržite dodávaná zo siete ale je uložená v batérii priamo vo vozidle. V dnešnej dobe sa vďaka pomerne vysokým energetickým kapacitám dá batéria z elektromobilu aplikovať aj na iné účely. Jedným z nich je napájanie domácností v čase nevyužitia elektromobilu s použitím V2G siete a tomu sa v tejto bakalárskej práci budem venovať. Takýto spôsob zužitkovania batérie vie znížiť náklady na energiu, pokiaľ je správne implementovaný. Okrem úspor v domácnostiach by táto implementácia pomohla znížiť náklady elektrárňam, ktoré v súčasnosti musia čeliť vysokým zmenám záťaže elektrickej siete počas dňa. V kapitole 1 definujem základné pojmy, predstavím najčastejšie používané typy batérií, opíšem momentálny stav elektromobility a problematiku tejto oblasti. V kapitole 2 uvediem prvotný návrh svojho riešenia, ktorý spočíva v implementácii spomenutého simulačného nástroja. Mojím zámerom bude orientovať sa predovšetkým na komunitu domácností, ale stručne opíšem aj problematiku z pohľadu elektrární. Odhliadnuc od možných finančných úspor je dôležité venovať sa tejto oblasti aj kvôli environmentálnym dôvodom.</para>
	</chapter>
	<chapter>
		<title>Elektromobilita</title>
		<para>   </para>
<section id="EV_def">
    		<title>Definícia elektrického vozidla</title>
    		<para>Charakteristickou vlastnosťou elektrického vozidla je to, že je poháňaný jedným alebo viacerými elektromotormi, namiesto pohonu spaľovacím motorom. Elektrické vozidlá môžu byť rozdelené do troch skupín podľa toho, ako a kde sa produkuje elektrická energia:</para>
    		<orderedlist numeration="arabic">
      			<listitem>
        			<para>
          			Elektrické vozidlá, ktoré sú závislé na nepretržitom
          			elektrickom napájaní z vonkajšej siete. Patria sem trolejbusy
          			napájané vodičmi (trolejmi) nad vozidlom, ako aj drvivá
          			väčšina lokomotív elektrickej železničnej dopravy.
        			</para>
      			</listitem>
      			<listitem>
        			<para>
          			Elektrické vozidlá závislé na uloženej energii vyprodukovanej
          			vo vonkajšej sieti. Sem patria batériové elektromobily,
          			taktiež aj vozidlá používajúce iné úložisko elektrickej
          			energie, ako sú napríklad zotrvačníky. Takéto vozidlá sa často
          			označujú ako vozidlá s nulovými emisiami (angl. ZEVs – Zero
          			Emission Vehicles), ale to platí len vtedy, ak neberieme do
          			úvahy emisie vyprodukované pri výrobe elektrickej energie.
        			</para>
      			</listitem>
      			<listitem>
        			<para>
          			Vozidlá závislé na výrobe elektrickej energie priamo vo
          			vozidle. Patri k nim sériové elektrické hybridy, v ktorých
          			malý motor poháňa elektrický generátor, zatiaľ čo kolesá sú
          			poháňané výlučne elektromotorom a paralelné elektrické
          			hybridy, kde aj klasický motor aj elektromotor môžu poháňať
          			kolesá a taktiež aj elektrické vozidlá s palivovými článkami.
          			<xref linkend="bib.1"/>
        			</para>
      			</listitem>
    		</orderedlist>
    		<para>
    		Hlavnými prednosťami elektromobilov sú:
    		</para>
    		<itemizedlist>
    			<listitem>
       				<para>
       				možnosť využívať obnoviteľnú energiu s vysokou účinnosťou  
        			</para>
      			</listitem>
      			<listitem>
        			<para>
        			možnosť okamžitého maximálneho výkonu
        			</para>
      			</listitem>
      			<listitem>
        			<para>
          			možnosť opakovaného a mnohonásobného preťaženia
        			</para>
      			</listitem>
      			<listitem>
        			<para>
          			rekuperácia energie
			        </para>
      			</listitem>
      			<listitem>
        			<para>
          			absencia hluku, emisií a vibrácií
        			</para>
      			</listitem>
      			<listitem>
        			<para>
          			presnosť a jednoduchosť ovládania <xref linkend="bib.2"/>
        			</para>
      			</listitem>
    		</itemizedlist>
</section>
<section id="v2g">
    		<title>Čo je pojem V2G?</title>
    		<para>
      V2G, z angličtiny vehicle-to-grid, je všeobecný termín pre
      označenie posielania aktívneho výkonu z elektromobilu do
      elektrickej siete. Tento transfer energie sa dá dosiahnuť pomocou
      špeciálneho režimu v nabíjačke, ktorý umožní obojsmerný prenos
      energie, t.j. nielen smerom do vozidla, ale aj z vozidla.
      Ekonomický prínos tejto operácie je objektom skúmania už viac než
      desať rokov kvôli značnej energetickej rezerve akumulátora
      elektrického vozidla a potenciálu tisícov takýchto zariadení
      pripojených do elektrickej siete. <xref linkend="bib.3"/>
    		</para>
</section>
<section>
    <title>Prehľad batérií</title>
    <para>
      K efektivite, či neefektivite elektromobilov určite patrí aj
      batéria použitá vo vozidle. Batéria je v súčasnosti najväčším
      problémom elektromobilov, pretože jej obmedzenia limitujú najmä
      dojazd vozidla, ktorý je jedným z najhlavnejších faktorov pri
      rozhodovaní o kúpe elektromobilu. V elektromobiloch sa v
      súčasnosti používajú mnohé typy batérií, každý typ má svoje výhody
      aj nevýhody a tie sa v skratke pokúsim ukázať.
    </para>
    <section id="ol_ak">
      <title>Olovený akumulátor (Lead-acid)</title>
      <para>
        Medzi jeho výhody patrí nízka cena, vyspelá technológia (olovené
        akumulátory boli jedny z prvých vôbec) a vysoký špecifický
        výkon. Jeho nevýhodou môže byť nízka špecifická hustota energie
        (množstvo energie na 1 kg – Wh/kg), krátka životnosť či vysoké
        požiadavky na údržbu.
      </para>
    </section>
    <section id="ni-me_ak">
      <title>Nikel-metalhydridový akumulátor (NiMH)</title>
      <para>
        Výhody tohto akumulátora sú taktiež vysoká špecifická hustota
        energie, vyššie teplotné rozsahy, v ktorých akumulátor vie
        pracovať, bezpečnosť a dlhá životnosť. K nevýhodám by som
        spomenul vysokú cenu, samovybíjanie (vybíjanie aj napriek tomu,
        že batéria nie je zapojená k spotrebiču) a pamäťový efekt
        (čiastočné zníženie kapacity, ktoré nastane po mnohonásobne
        opakovaných cykloch vybíjania a nabíjania na rovnaké úrovne,
        pričom nesmie nastať úplné vybitie ani úplné nabitie)
      </para>
    </section>
    <section id="li-pol_ak">
      <title>Lítium-polymérový akumulátor (Li-Pol)</title>
      <para>
        Medzi výhody tohto akumulátora patria vysoká volumetrická
        (objemová) hustota energie (Wh/l), vysoká špecifická hustota
        energie, relatívne tenké prevedenie, prevádzkyschopnosť vo
        vyššom napätí, žiadny pamäťový efekt, tolerantný k stavu
        prebíjania, vysoká energetická účinnosť, takmer žiadne
        samovybíjanie a dlhá životnosť. Medzi nevýhody patria vyššia
        cena, nízka vodivosť a merný (objemový) výkon
        (kW/dm<superscript>3</superscript>).
      </para>
    </section>
    <section id="li-ion_ak">
      <title>Lítium-iónový akumulátor (Li-Ion)</title>
      <para>
        K výhodám lítium-iónového akumulátora patria vysoká objemová
        hustota energie, vysoká špecifická hustota energie, taktiež
        prevádzka vo vyššom napätí, či žiadny pamäťový efekt, rozmery a
        váha (možné ľahké a tenké prevedenie), vysoká energetická
        účinnosť a dlhá životnosť, pokiaľ sa používa ako má. Medzi
        nevýhody by sme mohli zaradiť vyššiu cenu, skrátenie životnosti
        hlbokými vybitiami, potreba ochrany pred prebíjaním či nadmerným
        vybitím. <xref linkend="bib.4"/>
      </para>
    </section>
</section>
<section id="em_eu">
    <title>Elektromobilita v Európe</title>
    <para>
      Európa sa stala druhým najväčším trhom pre elektrické vozidlá po
      Spojených štátoch amerických, pričom Európa prekonala v počte
      predaných áut aj Japonsko. 18 939 čisto elektrických vozidiel bolo
      registrovaných v Európe za prvý polrok roku 2014 (pre porovnanie –
      prvý polrok roku 2013 bolo registrovaných len 15 503 vozidiel),
      zatiaľ čo v USA bolo registrovaných takmer 30 000 elektromobilov.
      V Japonsku bolo toto číslo menšie než 6 000. <xref linkend="bib.5"/>
    </para>
    <para>
      Pre porovnanie – len v prvom kvartáli roku 2017 sa v Európe
      predalo 32 297 čisto elektrických vozidiel a v prvom kvartáli roku
      2018 toto číslo narástlo o 34,95% na 43 585 vozidiel. Absolútnou
      jednotkou v predajoch elektromobilov v Európe je Nórsko, kde
      elektrické autá majú dlhoročnú tradíciu. <xref linkend="bib.6"/>
    </para>
</section>
<section>
    <title>Vplyv štýlu jazdy na dojazd elektromobilu </title>
    <para>
      Anglická štúdia zaoberajúca sa spotrebou a dojazdom v
      elektromobiloch na základe štýlu jazdy vodiča skúmala, koľko
      energie ostane v autách po tom istom okruhu. Štúdia prebiehala na
      piatich elektromobiloch typu Smart ED, v ktorých bola batéria s
      kapacitou 12 kWh, výkonom obmedzeným na 20 kW. Okruh, na ktorom sa
      spotreba energie testovala, mal zhruba 40 km. Jazda trvala každému
      vodičovi iný čas, ale minimum bolo 54 minút a maximum 58 minút.
      Najúspornejšie jazdiacemu vodičovi ostalo v batérii 61% kapacity a
      jeho priemerný výkon bol 4,21 kW. Naopak najmenej úsporne
      jazdiacemu vodičovi ostalo v batérii len 43% kapacity a jeho
      priemerný výkon bol 5,47 kW. Celkovo týchto 5 vodičov malo
      priemerný výkon 4,93 kW. <xref linkend="bib.7"/>
    </para>
</section>
<section id="daily_grid">
    <title>Vývoj zaťaženia elektrickej siete počas dňa</title>
    <para>
      Nezávislý prevádzkovateľ systému v Kalifornii (CAISO – California
      Independent System Operator) zverejnil v roku 2014 svoje
      historické a predpokladané čisté zaťaženie siete počas dňa. CAISO
      definuje čistú záťaž ako dopyt po energii v elektrickej sieti
      mínus generovanie energie z prerušovaných obnoviteľných zdrojov
      energie pre približne 80% obyvateľov Kalifornie (zvyšok
      obyvateľstva nespadá pod CAISO). Každá krivka v grafe znázorňuje
      historický alebo predpokladaný tvar čistého zaťaženia v jeden deň
      (31. marca) v danom roku. Nárast solárneho generovania elektrickej
      energie je vo veľkej miere zodpovedný za vyvíjajúci sa tvar
      krivky. Krivka poukazuje na štyri dôležité problémy:
    </para>
    <orderedlist numeration="arabic">
      <listitem>
        <para>
          P<subscript>min</subscript> - Nízka záťaž siete počas dňa,
          pretože práve počas dňa sú solárne generátory vyťažené a
          produkujú množstvo energie, čo vedie k zníženému dopytu po
          energii a spôsobuje to nadmernú výrobu elektrickej energie v
          elektrárňach. To si žiada buď denné zníženie výkonu z
          elektrární, čo je často nákladovo neefektívne, alebo
          obmedzenie výroby energie z obnoviteľných zdrojov, čo je zase
          v rozpore so stanovenými cieľmi v oblasti obnoviteľných
          zdrojov.
        </para>
      </listitem>
      <listitem>
        <para>
          P<subscript>max</subscript> - Vysoké zaťaženie siete počas
          večerných hodín, kedy zaťaženie siete dosahuje svoje maximum
          počas dňa, ale energie zo solárnych generátorov je málo,
          pretože večer už nevedia byť tak produktívne ako počas dňa.
        </para>
      </listitem>
      <listitem>
        <para>
          Ramp<subscript>min</subscript> - Dopoludňajšie ostré klesanie,
          keď produkcia energie zo solárnych generátorov sa rapídne
          zvyšuje a dopyt po energii z elektrární sa znižuje.
        </para>
      </listitem>
      <listitem>
        <para>
          Ramp<subscript>max</subscript> - Stúpanie vo večerných
          hodinách, keď sa zvyšuje dopyt po energii a súčasne klesá
          produkcia zo solárnych generátorov. To si žiada rýchle
          zavedenie dodatočných generačných zdrojov. Táto požiadavka je
          technicky náročná a potenciálne nákladná, navyše je potrebné
          jej dennodenne čeliť.
        </para>
      </listitem>
    </orderedlist>
    
      <mediaobject id="img1">
        <imageobject>
          <imagedata fileref="media/image1.png" width="5.96875in" depth="3.75208in" />
        </imageobject>
        <caption>
          <para><emphasis>Obrázok 1. Na obrázku môžeme vidieť krivky, ktoré zobrazujú zaťaženie siete v tom istom dni v roku ale vždy pre iný rok.
          </emphasis></para>
        </caption>
      </mediaobject>
      <para>  &#xA;
        </para>
      <para><?vskip 10pt?>V dnešnom systéme siete v Kalifornii je veľmi
      problematické, keď zaťaženie siete klesne pod 15000 GW. V roku
      2014 kleslo zaťaženie siete pod túto hodnotu iba počas 0,03% roka.
      V roku 2025 sa ale odhaduje, že nastane pokles pod 15000 GW za
      14,2% roka. Podobne do roku 2025 budú miery stúpania a klesania
      záťaže dvakrát väčšie ako v roku 2014, pričom dosiahnu pri poklese
      záťaže hodnoty -8 GW/hod. a pri stúpaní záťaže až +11 GW/hod.
      Dodatočné stúpanie záťaže vo výške 7 GW/hod. do roku 2025 je
      ekvivalentné záťaži 35 turbín na zemný plyn s výkonom 600 MW, s
      postupným pridávaním výkonu z 0% na 100% v priebehu troch hodín.
      <xref linkend="bib.8"/></para>
</section>
<section id="ev_char_grid">
    <title>Dopad elektromobilov počas nabíjania na elektrickú sieť</title>
    <para>
      Súčasne sa Kalifornia zameriava na príjem 1,5 milióna vozidiel s
      nulovými emisiami, z ktorých väčšina bude elektrických vozidiel.
      Mnoho elektromobilov je dnes nabíjaná nekontrolovaným spôsobom –
      po pripojení do elektrickej siete sa začnú nabíjať a neprestanú sa
      nabíjať pokým batéria nie je plne nabitá alebo pokým vodič
      neodpojí za účelom jazdy. Dopad nabíjania elektromobilov na
      elektrickú sieť do roku 2025 je možné vidieť v grafoch porovnaním
      modrej s červenou krivkou. Večerná špička v dopyte po energií,
      dopoludňajšie klesanie a popoludňajšie stúpanie sa mierne
      zhoršili. Dôležité je poznamenať, že elektromobily majú tendenciu
      dokončiť svoje nabíjanie v čase, kedy sa vyskytuje najnižší odber
      energie, čím nekontrolovane nabíjané elektromobily nebudú mať
      veľký vplyv na zmiernenie nadmernej produkcie elektrickej energie
      počas dňa. Je teda zrejmé, že pokým elektromobily nebudú aktívne
      zapojené do elektrickej siete, stráca sa možnosť zmiernenia
      problémov s vyťažením siete.
    </para>
      <mediaobject id="img2">
        <imageobject>
          <imagedata fileref="media/image2.png" width="6.29583in" depth="5.51944in" />
        </imageobject>
        <caption>
          <para><emphasis>
            Obrázok 2. Vplyv elektromobilov nekontrolovane nabíjaných (modrá farba), V1G elektromobily s kontrolovaným nabíjaním (zelená farba) a zmes vozidiel V1G a V2G s riadeným nabíjaním (čierna farba) v porovnaní s pôvodným zobrazením zaťaženia siete (červená farba).
          </emphasis>
          </para>
        </caption>
      </mediaobject>
      <para> <?vskip 10pt?>&#xA; Z modrej a červenej krivky je jasné, že
      vozidlá nebudú veľmi poškodzovať celkovú zaťaž siete, avšak jej
      ani veľmi nepomôžu. V prípade kontrolovaného nabíjania V1G
      vozidiel existujú značné rozdiely a výhody použitia tejto metódy,
      pretože pomocou nej by sme vedeli pomerne dosť zmierniť rýchlosť
      poklesu a nárastu záťaže elektrickej siete a taktiež by táto
      metóda mohla pomôcť v čase najmenšieho odberu energie, čím by sa
      nadprodukcia elektrickej energie jemne zlepšila. Maximálny vrchol
      záťaže siete je zhruba rovnaký ako bez použitia V1G vozidiel. V
      prípade kombinácie V1G a V2G vozidiel existuje ideálna možnosť na
      integráciu obnoviteľných zdrojov s vozidlami. Najvyššie a
      najnižšie záťaže siete by sa rapídne zlepšili do roku 2025 o
      takmer 5 GW. Ešte podstatnejšie je ale to, že v budúcnosti by
      integrácia V1G a najmä V2G vozidiel do elektrickej siete bola
      schopná mnohonásobne zmierniť rýchlosť poklesu a nárastu zaťaženia
      siete, čím by sa v ideálnom prípade dalo predchádzať nadmernej
      produkcii elektrickej energie, ktorá by inak zostávala nevyužitá a
      zbytočná. <xref linkend="bib.8"/>
    </para>
</section>
<section id="ev_char_cons">
    <title>Vplyv nabíjania elektromobilov na spotrebu energie</title>
    <para>
      Americký mesačník Nature Energy skúmal vplyv nabíjania
      elektromobilov na spotrebu energie v šiestich amerických
      domácnostiach v jednom susedstve. Spolu v týchto domácnostiach
      žije 19 ľudí, súčet obytných plôch jednotlivých domov je 1694
      m<superscript>2</superscript> a v týchto šiestich domácnostiach sa
      využíva 11 elektromobilov. Na skúmanie sa použili dva typy
      nabíjania:
    </para>
    <itemizedlist>
      <listitem>
        <para>
          Nabíjanie na úrovni 1 (Level 1 charging)<footnote><para>štandardná
          nabíjačka s výkonom 1.92 kW, nevýhodou je dlhší čas nabíjania</para>
        </footnote>
        </para>
      </listitem>
      <listitem>
        <para>
          Nabíjanie na úrovni 2 (Level 2 charging)<footnote><para>nabíjačka s vyšším
          výkonom 6.6 kW, ktorá umožňuje nabiť batériu rýchlejšie. Pre
          príklad elektromobil Mercedes-Benz triedy B sa zo slabšej
          nabíjačky úplne nabije za 20 hodín, pričom zo silnejšej je to
          za tri hodiny.</para></footnote>
        </para>
      </listitem>
    </itemizedlist>
    <para>
      Ak by sme v tomto susedstve neuvažovali ani jeden elektromobil,
      priemerný odber energie z lokálneho transformátora je 8.03 kW,
      zatiaľ čo v čase najväčšieho zaťaženia bol odber na úrovni 29.86
      kW. Pri používaní jedného elektromobilu je priemerný odber energie
      8.74 kW pri L1 aj L2 nabíjaní, pričom maximálny odber má hodnotu
      30.96 kW pri L1 nabíjaní a 35.64 kW pri L2 nabíjaní. Ak by sme
      uvažovali 6 elektromobilov, čo je zhruba 50% z celkových, spotreba
      by takisto vzrástla. Priemerný odber z lokálneho transformátora je
      na úrovni 10.84 kW a hodnoty v čase maximálneho zaťaženia sú 37.54
      kW (L1 nabíjanie) a 47.13 kW (L2 nabíjanie). Ak zoberieme do úvahy
      všetkých 11 elektromobilov, priemerný odber elektrickej energie je
      13.11 kW, zatiaľ čo maximum dosahuje hodnotu 44.26 kW pri L1
      nabíjaní a 60.33 pri L2 nabíjaní. Treba podotknúť, že toto
      nabíjanie je nekontrolované, teda začne v okamihu pripojenia
      elektromobilu do siete a pretrváva až dovtedy, kým nie vozidlo
      plne nabité, alebo kým vodič nie je nútený vozidlo odpojiť pre
      potreby užívania elektromobilu. Ak by sme mali porovnať hodnoty
      spotreby energie v situácii, kedy sa v domácnostiach nepoužíva ani
      jeden elektromobil a kedy sa využívajú všetky, priemerná spotreba
      vzrástla o približne 63%, pričom hodnota maximálneho zaťaženia
      siete vzrástla o 48% pri nabíjaní na úrovni 1 a o 102% pri
      nabíjaní na úrovni 2. Z časového hľadiska je zrejmé lepšie použiť
      silnejšiu zásuvku, pretože množstvo odčerpanej elektrickej energie
      ostane stále rovnaké, ale doba nabíjania sa rapídne skráti. Z
      pohľadu záťaže elektrickej siete je však lepšie použiť slabšiu
      nabíjačku, ktorá až tak nezaťažuje ani sieť ako takú, ani lokálny
      transformátor, čo mu navyše pomáha predĺžiť jeho životnosť. <xref linkend="bib.9"/>
    </para>
</section>
<section>
    <title>Úspory v domácnosti</title>
    <para>
      Výskumu v oblasti úspor pomocou batérie z elektromobilu sa
      venovala aj skupina výskumníkov z University of Massachusetts v
      meste Amherst. Uvažujme najhorší scenár odberu elektriny, teda
      100% elektrickej energie odoberieme vtedy, keď bude cena elektriny
      najvyššia. V priemernom americkom dome s rozlohou približne 160
      m<superscript>2</superscript> sa v určitý deň počas zimného
      obdobia odobralo 43,7 kWh elektrickej energie. Je to skoro
      dvojnásobne viac ako taký bežný dom zvykne odobrať za deň, avšak
      táto vyššia spotreba je opodstatnená a je celkom vhodné v tomto
      ilustračnom príklade kalkulovať s vyššou hodnotou. Ak by sme
      všetku energiu odobrali za najvyššiu cenu 0,108 $/kWh, zaplatili
      by sme za ňu 4,72$. V prípade, že by sme všetok odber presunuli do
      času, kedy elektrina stojí najmenej, teda 0,062 $/kWh, zaplatili
      by sme za ňu 2,71$. Úspora by teda bola 43%, alebo 2,01$. Keďže
      ale dom nespotreboval všetku energiu v čase vysokej tarify, ale
      nejakú časť energie aj v čase nízkej tarify, za elektrinu sa v
      daný deň reálne zaplatilo 3,85$ a teda maximálna realizovateľná
      úspora je len 30%, alebo 1,14$. V praxi však treba počítať s
      účinnosťou batérie a meniča, ktoré keď sa skombinujú, dosiahneme
      účinnosť zhruba 80%. To znižuje dennú úsporu na 0,90$. Teoreticky,
      ak by sa každý deň dosiahla rovnaká úspora, ročne je to 328,50$.
      Na úsporu energie v nasledujúcom dni ale potrebujeme odhadnúť,
      koľko energie budeme potrebovať. Vieme to zistiť na základe
      historických dát, no koľko energie sme reálne odobrali, zistíme až
      na konci daného dňa. Po nasadení systému do praxe tím výskumníkov
      prišiel k prvým výsledkom. Keďže predikcia nie je vždy presná, v
      skutočnosti táto chyba znižuje účinnosť systému na približne 10 –
      15% úspor z pôvodných 30%. Ďalej tím prišiel na to, že čím je
      väčšia kapacita batérie v domácnosti, tým menej sa zvyšujú úspory,
      pretože veľkú kapacitu batérie dom ani nevyužije. Nad 30 kWh
      kapacity batérie sa už úspory v dome zvyšujú len veľmi pomaly. Pre
      príklad, 12 kWh batéria by dokázala denne ušetriť približne 10%
      nákladov na elektrinu. Ak by sme mali odhadnúť ročné úspory s
      väčšou, 24 kWh batériou, suma by sa pohybovala okolo 102$ za rok.
      Batériu s aspoň takouto kapacitou má dnes už drvivá väčšina
      elektromobilov a teda nemusíme uvažovať prípady, kedy by kapacita
      batérie v elektromobile bola nižšia než 24 kWh. <xref linkend="bib.10"/>
    </para>
</section>
<section id="v1g">
    <title>Zhrnutie</title>
    <para>
      Väčšina elektromobilov dnes funguje ako V1G, teda energia sa z
      nabíjačky do batérie len dodáva a odber energie z batérie je
      zabezpečený výlučne počas jazdenia na elektromobile.
      Najideálnejšou batériou v elektromobiloch je lítium-iónová
      batéria, ktorá je síce najdrahšia spomedzi momentálne rozšírených
      typov akumulátorov, no poskytuje veľkú kapacitu, malé rozmery,
      nízku váhu, relatívne dlhú životnosť, je chemicky menej závadná
      kvôli absencii jedovatých prvkov, vďaka čomu je jej recyklácia
      bezproblémová a vieme sa ňou vyhnúť pamäťovému efektu. Na
      implementáciu V2G do elektromobilov je potrebná špeciálna
      nabíjačka, ktorá by dokázala z batérie odčerpávať energiu späť do
      siete. Táto energia by mohla byť využívaná na napájanie domácností
      počas doby, keď cena elektriny je kalkulovaná cez vyššiu tarifu,
      čo by ušetrilo náklady na elektrinu. Je však potrebné, aby
      elektromobil bol doma a to je situácia, ktorá sa pravdepodobne
      nevyskytuje každý deň. Pomocou historických dát by sme vedeli
      odhadnúť, koľko energie budeme na nasledujúci deň potrebovať a
      podľa toho nabiť batériu do elektromobilu v čase, keď je cena
      elektriny v nižšej tarife. Okrem úspor v domácnosti by navyše
      riadený V2G systém vedel upraviť výkyvy v zaťaženiach siete, ktoré
      sú ekonomicky nákladné pre elektrárne. Sú definované štyri
      kritické body počas dňa – rýchlosť klesania zaťaženia siete počas
      dopoludnia, minimálne zaťaženie siete okolo poludnia, rýchlosť
      stúpania zaťaženia siete popoludní a v podvečerných hodinách, kedy
      solárne generátory prestávajú byť účinné a maximálne zaťaženie
      siete vo večerných hodinách.
    </para>
</section>

	</chapter>

  <chapter>
    <title>Implementácia</title>
<section>
  <title>
  Návrh vlastného riešenia</title>
  <para>
    Mojou úlohou v rámci bakalárskej práce je navrhnúť a implementovať
    nástroj, ktorý na základe dát o komunite domov s nainštalovanými
    fotovoltaickými článkami určí, či je možné dosiahnuť ich
    sebestačnosť a vypočíta možné finančné úspory. Dáta o komunite domov
    obsahujú:
  </para>
  <orderedlist numeration="arabic">
    <listitem>
      <para>
        <emphasis role="strong">id</emphasis> – identifikačné číslo
        záznamu
      </para>
    </listitem>
    <listitem>
      <para>
        <emphasis role="strong">date</emphasis> – dátum merania
      </para>
    </listitem>
    <listitem>
      <para>
        <emphasis role="strong">time</emphasis> – čas merania (zvyčajne
        celá hodina)
      </para>
    </listitem>
    <listitem>
      <para>
        <emphasis role="strong">dateTime</emphasis> – zreťazenie dátumu
        a času
      </para>
    </listitem>
    <listitem>
      <para>
        <emphasis role="strong">dayOfWeek</emphasis> – celočíselná
        hodnota reprezentujúca deň v týždni
      </para>
    </listitem>
    <listitem>
      <para>
        <emphasis role="strong">holiday</emphasis> – binárna hodnota,
        ktorá hovorí o tom, či je obyčajný pracovný deň (0), alebo
        sviatok (1)
      </para>
    </listitem>
    <listitem>
      <para>
        <emphasis role="strong">dayId</emphasis> – identifikačné číslo
        dňa (od 1 do 730)
      </para>
    </listitem>
    <listitem>
      <para>
        <emphasis role="strong">loadCons</emphasis> – spotrebovaná
        energia (v kW)
      </para>
    </listitem>
    <listitem>
      <para>
        <emphasis role="strong">loadProd</emphasis> – vyprodukovaná
        energia (v kW)
      </para>
    </listitem>
    <listitem>
      <para>
        <emphasis role="strong">loadGrid</emphasis> – množstvo energie
        potrebnej zo siete (v kW)
      </para>
    </listitem>
  </orderedlist>
  <para>
    Ako prvé by som analyzoval dáta o domoch, t.j. ich spôsob využívania
    elektrickej energie. Medzi analýzy by som zahrnul:
  </para>
  <itemizedlist>
    <listitem>
      <para>
        priemerná denná spotreba celková
      </para>
    </listitem>
    <listitem>
      <para>
        priemerná denná spotreba počas pracovných dní, počas sviatkov
        alebo víkendov
      </para>
    </listitem>
    <listitem>
      <para>
        priemerná denná spotreba podľa ročných období
      </para>
    </listitem>
    <listitem>
      <para>
        priemerná hodinová spotreba počas dňa podľa vopred určených
        časových období (dopoludnie, popoludnie, večer a noc)
      </para>
    </listitem>
    <listitem>
      <para>
        maximálna spotreba za deň
      </para>
    </listitem>
    <listitem>
      <para>
        minimálna spotreba za deň
      </para>
    </listitem>
    <listitem>
      <para>
        histogram denných spotrieb, ktorý by ukazoval, ako často sa
        konkrétna spotreba za deň vyskytuje, počet intervalov by mal byť
        rozumne zvolený, aby histogram neukazoval údaje skreslene
      </para>
    </listitem>
  </itemizedlist>
  <para>
    Po dokončení týchto analýz by som sa dozvedel, akú veľkú batériu,
    resp. koľko elektromobilov by daný dom potreboval. V kapitole 1.9
    som popísal úspory domácnosti na základe kapacity batérie, z čoho
    vyplýva, že ideálnou voľbou pre priemerný dom je 24 kWh batéria, no
    pre našu komunitu domácností by to nemuselo stačiť. Ak teda narazím
    na jeden alebo viacero objektov, ktoré budú mať spotrebu vyššiu než
    bežná domácnosť, kapacita potrebnej batérie by nemala byť nižšia než
    priemerná spotreba. V ideálnom prípade by mala prevyšovať maximálnu
    spotrebu domu, aby dokázala pokryť väčšinu dennej spotreby
    domácnosti. Treba však dodať, že dnes je úplne bežné mať v
    elektromobile batériu s kapacitou približne 60 kWh a v posledných
    rokoch sa začali sériovo vyrábať aj elektromobily s kapacitou
    batérie 85 kWh <xref linkend="bib.11"/>, čo je viac než trojnásobok spomínanej ideálnej
    kapacity. Z tohto dôvodu by som v simulácii uvažoval aj o možných
    rezervách v batériách, aby elektromobil mal vždy aspoň nejaký
    núdzový dojazd v prípade výnimočne nadmernej spotreby energie. Tento
    parameter by si samozrejme majiteľ domu alebo elektromobilu mohol
    nastaviť podľa seba.
  </para>
  <para>
    Ak moja simulácia usúdi, že by batéria v domácnosti pomohla znížiť
    náklady na elektrinu, túto sumu následne vypočítame. Ceny za energie
    sa momentálne pohybujú okolo 0,15€/kWh v čase vyššej tarify a okolo
    0,09€/kWh v čase nižšej tarify. Cenu za energiu upresníme neskôr, ak
    by medzičasom klesla alebo naopak narástla.
  </para>
</section>
<section>
  <title>Zhrnutie</title>
  <para>
    V tomto semestri som sa venoval analyzovaniu problému, ktorý rieši
    moja bakalárska práca a prvotnému návrhu riešenia. Naštudoval som si
    presné definície pojmov, prečítal viacero článkov týkajúcich sa
    elektromobility, či už kvôli lepšiemu pochopeniu problematiky, alebo
    kvôli získaniu predstavy o aktuálnej situácii vo svete. Snažím sa
    tieto poznatky vhodne interpretovať, aby ich čitateľ správne
    pochopil. Taktiež som rozobral rôzne svetové výskumy, ktoré sa
    zaoberali rozličnými témami elektromobilov, ako napríklad vplyv
    štýlu jazdy na dojazd elektromobilu, dopad elektromobilov na
    elektrickú sieť, alebo potenciálne úspory v domácnosti vďaka
    zavedeniu elektromobilu do siete. Pozrel som sa bližšie na množstvo
    elektromobilov jazdiacich na cestách a ako rýchlo tento počet
    rastie. V prvotnom návrhu riešenia som popísal atribúty, ktoré
    obsahujú dáta z domácností a približne špecifikoval analýzy, ktoré
    bude potrebné vykonať s dátami. Vďaka týmto analýzam budem vedieť,
    ako veľkú batériu by som mal zvoliť do konkrétnej domácnosti alebo
    kedy by batéria mohla byť nabíjaná v prípade, že by batéria bola
    nápomocná v otázke sebestačnosti domácnosti.
  </para>
  <para>
    Môj plán na ďalšiu prácu je začať s implementáciou nástroja v jazyku
    Python. Pomocou neho najskôr získam výsledky spomínaných analýz
    týchto dát, na základe ktorých by som vedel určiť, či a aká batéria
    by bola pre domácnosť vhodná. Do nástroja by som chcel zapracovať aj
    možnosti majiteľa, vďaka čomu by batéria v elektromobile mohla byť
    využívaná presne podľa jeho predstáv. Tento nástroj si predstavujem
    ako aplikáciu s grafickým používateľským rozhraním. Tej najskôr
    poskytnem dáta z domácnosti, špecifikujem svoje požiadavky a
    následne mi aplikácia ukáže výsledok analýzy a ideálnu možnosť, ako
    využívať batériu čo najlepšie. Medzi požiadavky by som zatiaľ
    zaradil množstvo energie, ktoré by v batérii malo ostať ako rezerva,
    ďalšie možnosti vylepšenia nástroja upresním neskôr. Výsledok, ktorý
    aplikácia poskytne, by mal povedať, ako veľkú batériu je vhodné
    použiť, kedy táto batéria bude nabíjaná a možné finančné úspory
    vyplývajúce z tejto implementácie. Keďže mám dáta z viac než stovky
    domácností, aplikáciu by som vytvoril tak, aby sa program dal
    spustiť aj s hromadnými dátami pre prípad, že by existovali domy s
    nízkou spotrebou energie, ktoré by vedeli zdieľať jednu alebo viac
    batérií medzi sebou. Výsledky, ktoré vďaka aplikácii získam,
    následne popíšem a rozoberiem v bakalárskej práci.
  </para>
</section>
  </chapter>
  <chapter>
    <title>Porovnanie elektromobilov</title>
<section>
  <title>Prehľad parametrov vybraných elektromobilov<footnote><para> Táto sekcia nie je súčasťou bakalárskej práce. Slúži len na ukážku práce s tabuľkou.</para></footnote></title>
  <para>V nasledujúcej tabuľke Vám priblížim základné parametre jednotlivých elektromobilov dostupných na trhu<footnote><para> Tesla Model 3 v EÚ ešte zatiaľ nie je dostupná</para></footnote>.</para>


      <table id="tb1" frame='all'><title>Parametre vybraných elektromobilov</title>
    <tgroup cols='7' align='left' colsep='1' rowsep='1'>
    <colspec colnum="1" colname='car_model' colwidth="2.3*"/>
    <colspec colnum="2" colname='battery_capacity' colwidth="1.35*"/>
    <colspec colnum="3" colname='range' colwidth="1*"/>
    <colspec colnum="4" colname='efficiency' colwidth="1.4*"/>
    <colspec colnum="5" colname='ch_power' colwidth="1.5*"/>
    <colspec colnum="6" colname='FC_power' colwidth="1.5*"/>
    <colspec colnum="7" colname='ch_time' colwidth="1.5*"/>
    <thead>
    <row>
      <entry>Model</entry>
      <entry>Kapacita batérie</entry>
      <entry>Dojazd</entry>
      <entry>Účinnosť<footnote><para>kWh/100km</para></footnote><para>(spotreba)</para></entry>
      <entry>Príkon pri nabíjaní</entry>
      <entry>Čas nabitia</entry>
      <entry>FastCharge príkon</entry>
    </row>
    </thead>
    <tbody>
    <row>
      <entry>Tesla Model S</entry>
      <entry>72,5 kWh</entry>
      <entry>390 km</entry>
      <entry>18,59</entry>
      <entry>16,5 kW</entry>
      <entry>4:24 hod</entry>
      <entry>80 kW</entry>
    </row>
    <row>
      <entry>Hyundai Kona</entry>
      <entry>64 kWh</entry>
      <entry>400 km</entry>
      <entry>16,00</entry>
      <entry>7,2 kW</entry>
      <entry>8:53 hod</entry>
      <entry>60 kW</entry>
    </row>
    <row>
      <entry>Audi e-tron 55</entry>
      <entry>83,6 kWh</entry>
      <entry>375 km</entry>
      <entry>22,29</entry>
      <entry>11 kW</entry>
      <entry>7:36 hod</entry>
      <entry>140 kW</entry>
    </row>
    <row>
      <entry>Kia e-Niro</entry>
      <entry>64 kWh</entry>
      <entry>375 km</entry>
      <entry>17,07</entry>
      <entry>7,2 kW</entry>
      <entry>8:53 hod</entry>
      <entry>60 kW</entry>
    </row>
    <row>
      <entry>Tesla Model 3</entry>
      <entry>74 kWh</entry>
      <entry>475 km</entry>
      <entry>15,58</entry>
      <entry>11 kW</entry>
      <entry>6:44 hod</entry>
      <entry>90 kW</entry>
    </row>
    <row>
      <entry>Mercedes-Benz EQC 400</entry>
      <entry>78 kWh</entry>
      <entry>355 km</entry>
      <entry>21,97</entry>
      <entry>7,4 kW</entry>
      <entry>10:32 hod</entry>
      <entry>85 kW</entry>
    </row>
    <row>
      <entry>Volkswagen <para>&#xA; e-Golf</para></entry>
      <entry>32 kWh</entry>
      <entry>190 km</entry>
      <entry>16,84</entry>
      <entry>7,2 kW</entry>
      <entry>4:27 hod</entry>
      <entry>40 kW</entry>
    </row>
    <row>
      <entry>Nissan Leaf e+</entry>
      <entry>60 kWh</entry>
      <entry>355 km</entry>
      <entry>16,90</entry>
      <entry>6,6 kW</entry>
      <entry>9:05 hod</entry>
      <entry>70 kW</entry>
    </row>
    <row>
      <entry>Jaguar I-Pace</entry>
      <entry>84,7 kWh</entry>
      <entry>380 km</entry>
      <entry>22,29</entry>
      <entry>7,4 kW</entry>
      <entry>11:27 hod</entry>
      <entry>80 kW</entry>
    </row>
    <row>
      <entry>Peugeot iOn</entry>
      <entry>15 kWh</entry>
      <entry>90 km</entry>
      <entry>16,67</entry>
      <entry>3,7 kW</entry>
      <entry>4:03 hod</entry>
      <entry>30 kW</entry>
    </row>
    <row>
      <entry>Tesla Model X</entry>
      <entry>95 kWh</entry>
      <entry>450 km</entry>
      <entry>21,11</entry>
      <entry>16,5 kW</entry>
      <entry>5:45 hod</entry>
      <entry>100 kW</entry>
    </row>
    </tbody>
    </tgroup>
    </table>
    <para>
      Vypočítavať rýchlosť nabíjania pomocou FastCharge nabíjačky nemá veľmi zmysel, pretože batéria sa pri takom obrovskom návale energie môže správať rôzne a čas nabitia nemusí byť vždy rovnaký. Preto som tento údaj do tabuľky nedal, ale aspoň ho slovne opíšem. Výrobcovia udávajú, že pri polhodine na FastCharge nabíjačke by elektromobil mal byť nabitý aspoň na polovicu, ale v zásade je to zhruba okolo 75% (závisí od modelu EV a aj od nabíjačky).</para>

      <para>Vypočítané hodnoty podľa vzorca sú v intervale 0:30 hod - 1:04 hod, čo nie je až také pomalé. Najrýchlejšie by sa nabil Peugeot iOn (0:30 hod) a Audi e-tron 55 (0:36 hod). Najpomalšie by boli elektromobily Hyundai Kona, Kia e-Niro a Jaguar I-Pace (všetky 1:04 hod).
    </para>
</section>
  </chapter>

  <chapter>
    <title>Register pojmov</title>
    <para>   </para>
    <variablelist>
      <varlistentry>
        <term><emphasis>akumulátor</emphasis></term>
        <listitem>
          <para><link linkend="li-ion_ak">lítium-iónový</link></para>
        </listitem>
        <listitem>
          <para><link linkend="li-pol_ak">lítium-polymérový</link></para>
        </listitem>
        <listitem>
          <para><link linkend="ni-me_ak">nikel-metalhydridový</link></para>
        </listitem>
        <listitem>
          <para><link linkend="ol_ak">olovený</link></para>
        </listitem>
      </varlistentry>
      <!--varlistentry>
        <term>akumulátor</term>
        <listitem>
          <para><emphasis><link linkend="li-ion_ak">lítium-iónový</link></emphasis></para>
        </listitem>
        <listitem>
          <para><emphasis><link linkend="li-pol_ak">lítium-polymérový</link></emphasis></para>
        </listitem>
        <listitem>
          <para><emphasis><link linkend="ni-me_ak">nikel-metalhydridový</link></emphasis></para>
        </listitem>
        <listitem>
          <para><emphasis><link linkend="ol_ak">olovený</link></emphasis></para>
        </listitem>
      </varlistentry-->
      <varlistentry>
        <term><emphasis>elektromobilita</emphasis></term>
        <listitem>
          <para><link linkend="em_eu">v Európe</link></para>
        </listitem>
      </varlistentry>
      <varlistentry>
        <term><emphasis>nabíjanie</emphasis></term>
        <listitem>
          <para><link linkend="ev_char_cons">L1</link></para>
        </listitem>
        <listitem>
          <para><link linkend="ev_char_cons">L2</link></para>
        </listitem>
        <listitem>
          <para><link linkend="ev_char_grid">vplyv na sieť</link></para>
        </listitem>
      </varlistentry>
      <varlistentry>
        <term><emphasis>sieť</emphasis></term>
        <listitem>
          <para><link linkend="v1g">V1G</link></para>
        </listitem>
        <listitem>
          <para><link linkend="v2g">V2G</link></para>
        </listitem>
        <listitem>
          <para><link linkend="daily_grid">vývoj zaťaženia</link></para>
        </listitem>
      </varlistentry>
      <varlistentry>
        <term><emphasis>vozidlo</emphasis></term>
        <listitem>
          <para><link linkend="EV_def">elektrické</link></para>
        </listitem>
        <listitem>
          <para><link linkend="EV_def">hybridné</link></para>
        </listitem>
      </varlistentry>
    </variablelist>
  </chapter>

  <appendix>
    <title>Zoznam obrázkov a tabuliek</title>
    <para>   </para>
    <variablelist>
      <varlistentry>
        <term>Obrázky:</term>
        <listitem>
          <para><emphasis role="strong"><link linkend="img1">Obrázok 1</link></emphasis> - predpokladané zaťažovanie siete v nasledujúcich rokoch pre ten istý deň v roku - 31. marec.</para>
        </listitem>
        <listitem>
          <para><emphasis role="strong"><?vskip 6pt?><link linkend="img2">Obrázok 2</link></emphasis> - Dopad nabíjania elektromobilov na zaťaž elektrickej siete. Optimalizácia zaťaženia elektrickej siete.</para>
        </listitem>
      </varlistentry>
      <varlistentry>
        <term>Tabuľky:</term>
        <listitem>
          <para><emphasis role="strong"><link linkend="tb1">Tabuľka 1</link></emphasis> - Základné parametre niektorých elektromobilov pre ich jednoduché porovnanie.</para>
        </listitem>
      </varlistentry>
    </variablelist>
  </appendix>

  <bibliography>
    <title>Literatúra</title>

    <bibliomixed id="bib.1">Asif Faiz, Christopher S. Weaver and Michael P. Walsh: <title>Air pollution from motor
    vehicles: standards and technologies for controlling
    emissions</title>. The World Bank, 1996.</bibliomixed>

    <bibliomixed id="bib.2">Michal Hostaša: 
      <title>Testování baterií elektromobilů</title>. Vysoká škola
    báňská - Technická univerzita Ostrava. Fakulta strojní, 2012.
    </bibliomixed>

    <bibliomixed id="bib.3">Mithat C. Kisacikoglu, Burak Ozpineci and Leon M. Tolbert:
      <title>
        "EV/PHEV bidirectional charger assessment for V2G reactive power operation"
      </title>. IEEE Transactions on Power Electronics, zv. 28, %1. vyd.12, pp. 5717-5727, 2013.
    </bibliomixed>

    <bibliomixed id="bib.4">M.A. Hannan, et al.:
      <title>
        "Review of energy storage systems for electric vehicle applications: Issues and challenges"
      </title>. Renewable and Sustainable Energy Reviews, zv. 69, pp. 771-789, 2017.
    </bibliomixed>


    <bibliomixed id="bib.5">Ferdinand Daňo, Róbert Rehák: 
      <title>
        "ELECTROMOBILITY IN THE EUROPEAN UNION AND IN THE SLOVAKIA AND ITS DEVELOPMENT OPPORTUNITIES"
      </title>. International journal of multidisciplinarity in business and science, zv. 4, vyd. 5, pp. 74-83, 2018.
    </bibliomixed>

    <bibliomixed id="bib.6">H. Bekker:
      <title>
        2018 (Q1) Europe: Electric and Hybrid Car Sales per EU and EFTA Country
      </title>. 3 May 2018.
    <bibliomisc>Dostupné na: <ulink
    url="https://www.best-selling-cars.com/europe/2018-q1-europe-electric-and-hybrid-car-sales-per-eu-and-efta-country/"></ulink></bibliomisc>
    </bibliomixed>

    <bibliomixed id="bib.7">Chris Bingham, Chris Walsh and Steve Carroll:
      <title>
        "Impact of driving characteristics on electric vehicle energy consumption and range"
      </title>. IET Intelligent Transport Systems, zv. 6, vyd.1, pp. 29-35, 2012.
    </bibliomixed>

    <bibliomixed id="bib.8">Jonathan Coignard, Samveg Saxena, Jeffery Greenblatt and Dai Wang
      <title>
        "Clean vehicles as an enabler for a clean electricity grid"
      </title>. Environmental Research Letters, zv. 13, vyd.5, p. 054031, 2018. 
    </bibliomixed>

    <bibliomixed id="bib.9">Matteo Muratori:
      <title>
        "Impact of uncoordinated plug-in electric vehicle charging on residential power demand"
      </title>. Nature Energy, zv. 3, vyd.3, p. 193, 2018.
    </bibliomixed>

    <bibliomixed id="bib.10">A. Mishra, D. Irwin, P. Shenoy, J. Kurose and Ting Zhu:
      <title>
        "Smartcharge: Cutting the electricity bill in smart homes with energy storage"
      </title>. rev. Proceedings of the 3rd
    International Conference on Future Energy Systems: Where Energy,
    Computing and Communication Meet, 2012.
    </bibliomixed>

    <bibliomixed id="bib.11">
      <title>
        EPA rating for 85 kWh Tesla Model S: 89 MPGe, 265-mile range
      </title>. 21 June 2012.
    <bibliomisc>Dostupné na: <ulink
    url="https://www.greencarcongress.com/2012/06/models-20120621.html"></ulink></bibliomisc>
    </bibliomixed>
  </bibliography>
</book>