<?xml version="1.0" encoding="utf-8"?>
<!DOCTYPE slideshow
[
<!ELEMENT slideshow (slide+)>
<!ELEMENT slide ((titulok|nadpis),telo?)>
<!ELEMENT titulok (zarovnaj,p*)>
<!ATTLIST titulok fs CDATA #IMPLIED>
<!ATTLIST titulok pad CDATA #IMPLIED>
<!ELEMENT zarovnaj (p*,video*,obrazok*)>
<!ATTLIST zarovnaj kam (left|center|right|justify) "center">
<!ELEMENT nadpis (#PCDATA)>
<!ELEMENT telo (p*,((zarovnaj?, (zoznam|hruby_zoznam)?, obrazok*, video*)|(lava_strana,prava_strana)))>
<!ELEMENT zoznam (polozka+)>
<!ELEMENT hruby_zoznam (polozka+)>
<!ELEMENT polozka (#PCDATA)>
<!ELEMENT obrazok (zdroj)>
<!ELEMENT video (zdroj, typ)>
<!ELEMENT zdroj (#PCDATA)>
<!ELEMENT typ (#PCDATA)>
<!ELEMENT p (#PCDATA)>
<!ATTLIST p fs CDATA #IMPLIED>
<!ELEMENT lava_strana (zarovnaj?, (zoznam|hruby_zoznam)?,obrazok*,video*,p*)>
<!ELEMENT prava_strana (zarovnaj?, (zoznam|hruby_zoznam)?,obrazok*,video*,p*)>
]>

<?xml-stylesheet type="text/xsl" href="sablona.xsl"?>
<slideshow>
	<slide>
		<titulok fs="50" pad="200">
			<zarovnaj kam="center">
				<p>Prezentácia na predmet</p>
				<p> Webové publikovanie</p>
			</zarovnaj>
		</titulok>
	</slide>

	<slide>
		<nadpis>
			Obsah prezentácie
		</nadpis>
		<telo>
			<p>V tejto prezentácii som použil slajdy z prezentácie na predmet SSIIT týkajúce sa negatívneho dopadu počítačových hier na ľudí. Pre ukážku práce s videom som použil svoje video z lyžovačky (s pôvodnou prezentáciou nemá nič spoločné).</p>
			<hruby_zoznam>
				<polozka>Flaming</polozka>
				<polozka>Kyberšikana</polozka>
				<polozka>Gambling</polozka>
				<polozka>Očné problémy</polozka>
				<polozka>Medziľudské vzťahy</polozka>
				<polozka>Video na ukážku</polozka>
			</hruby_zoznam>
		</telo>
	</slide>

	<slide>
		<nadpis>
			Flaming
		</nadpis>
		<telo>
		<lava_strana>
			<zoznam>
				<polozka>ohnivá diskusia</polozka>
				<polozka>prekročenie hranice prínosnej výmeny názorov</polozka>
				<polozka>hádka, osočovanie, nadávanie</polozka>
				<polozka>v spojení s počítačovými hrami je to verbálne agresívne správanie</polozka>
				<polozka>slovné napadnutie</polozka>
				<polozka>vyhrážky, atď.</polozka>
			</zoznam>
		</lava_strana>
		<prava_strana>
			<obrazok>
				<zdroj>flaming.png</zdroj>
			</obrazok>
		</prava_strana>
		</telo>
	</slide>

	<slide>
		<nadpis>
			Kyberšikana
		</nadpis>
		<telo>
			<lava_strana>
				<obrazok>
					<zdroj>kybersikana.png</zdroj>
				</obrazok>
			</lava_strana>
			<prava_strana>
				<zarovnaj kam="justify">
					<p>Kyberšikana sa vyskytuje skôr na sociálnych sieťach, ale objavuje sa aj v hrách, existuje veľa dômyselných spôsobov, ako potrápiť spoluhráča:</p>
				</zarovnaj>
				<zoznam>
					<polozka>dieťa môže byť vylúčené zo skupiny</polozka>
					<polozka>jeho postava môže byť terčom útokov</polozka>
					<polozka>falošné a krivé obvinenia</polozka>
					<polozka>krádež konta alebo majetku v hre</polozka>
					<polozka>finančné vydieranie a pod. </polozka>
				</zoznam>
				<p></p>
			</prava_strana>
		</telo>
	</slide>

	<slide>
		<nadpis>
			Gambling
		</nadpis>
		<telo>
			<lava_strana>
				<zarovnaj kam="justify">
					<p>Pod pojmom gambling zvykneme rozumieť hranie hazardných hier, či už je to online priamo z domu, alebo fyzicky v kasíne. Online kasína prinášajú možnosť hrať 24 hodín denne, kamenné kasína naopak ponúkajú reálny herný zážitok. Medzi obľúbené hazardné hry patria:</p>
				</zarovnaj>
				<zoznam>
					<polozka>poker</polozka>
					<polozka>ruleta</polozka>
					<polozka>športové stávky</polozka>
					<polozka>bingo</polozka>
					<polozka>lotéria</polozka>
				</zoznam>
			</lava_strana>
			<prava_strana>
				<obrazok>
					<zdroj>ruleta.png</zdroj>
				</obrazok>
			</prava_strana>
		</telo>
	</slide>
	<slide>
		<nadpis>
			Očné problémy
		</nadpis>
		<telo>
			<p>Dlhodobé hranie počítačových hier býva veľkou záťažou na zrak. Sledovanie obrazovky vysušuje očnú sliznicu, to spôsobuje jej podráždenie, rozmazané videnie či sčervenanie. Z toho vzniká bolesť hlavy, príp. migréna, bolesti ramien, šije alebo bedrovej chrbtice.
			</p>
			<zarovnaj kam="center">
			<obrazok>
				<zdroj>oko.png</zdroj>
			</obrazok></zarovnaj>
		</telo>
	</slide>

	<slide>
		<nadpis>
			Medziľudské vzťahy
		</nadpis>
		<telo>
			<lava_strana>
				<obrazok>
					<zdroj>hadka.png</zdroj>
				</obrazok>
			</lava_strana>
			<prava_strana>
				<p fs="18">Teenageri, ktorí sa frekventovane venujú PC hrám mávajú častejšie problémy s medziľudskými vzťahmi, sú úzkostní, nedokážu sa dostatočne sústrediť na svoje povinnosti. Vďaka tomu majú horší prospech, odlišné spôsoby ako zvládať stres, iný spôsob komunikácie, atď.</p>
				<p fs="18">Závislosť od počítačových hier ešte neexistuje ako samostatná diagnostická jednotka, hoci viacerí odborníci navrhovali jej zaradenie do diagnostického a štatistického manuálu duševných porúch DSM</p>
				<p fs="24">“Ak máme niečoho priveľa, vyvolá to v našom organizme nerovnováhu.”</p>
			</prava_strana>
		</telo>
	</slide>

	<slide>
		<nadpis>
			Video na ukážku
		</nadpis>
		<telo>
			<lava_strana>
				<zarovnaj kam="justify">
					<p>Ako som spomínal už na úvodnom slajde s obsahom, v tejto prezentácii ukážem aj prácu s videom. Video bolo mnou natočené tento rok v lyžiarskom stredisku Nassfeld a v zábere môžeme vidieť jazero Lago di Pramollo.</p>
				</zarovnaj>
			</lava_strana>
			<prava_strana>
				<zarovnaj kam="center">
					<video>
						<zdroj>
							../data/IMG_1005.mp4
						</zdroj>
						<typ>
							video/mp4
						</typ>
					</video>
				</zarovnaj>
			</prava_strana>
		</telo>
	</slide>

	<slide>
		<titulok fs="50" pad="200">
			<zarovnaj kam="center">	
				<p>Ďakujem za pozornosť</p>
			</zarovnaj>
		</titulok>
		<telo>
			<zarovnaj kam="center">
				<p>Andrej Hoferica</p>
			</zarovnaj>
		</telo>
	</slide>
</slideshow>